{"card": 1, "font": {"type": 1}, "name": "PulpQuest", "song": -1, "intro": "Luamancers captured The Magic Orbs and turn world in chaos. Use your power to restore The Magic Orbs and read The Magic Scroll", "rooms": [{"id": 0, "name": "start", "song": -1, "exits": [{"x": 12, "y": 2, "id": 0, "tx": 3, "ty": 2, "room": 3}], "tiles": [0, 0, 0, 0, 0, 0, 0, 0, 0, 0, 0, 0, 0, 0, 0, 0, 0, 0, 0, 0, 0, 0, 0, 0, 0, 0, 0, 0, 0, 0, 0, 0, 0, 0, 0, 0, 23, 20, 24, 0, 0, 0, 0, 0, 0, 0, 0, 0, 0, 0, 0, 0, 0, 0, 0, 0, 0, 0, 0, 0, 0, 21, 43, 21, 0, 0, 0, 0, 0, 0, 0, 0, 0, 0, 0, 0, 0, 0, 0, 0, 0, 0, 0, 0, 0, 0, 21, 0, 21, 0, 0, 0, 0, 0, 0, 0, 0, 0, 0, 0, 0, 0, 0, 0, 0, 0, 0, 0, 0, 23, 20, 26, 32, 26, 20, 24, 0, 0, 0, 0, 0, 0, 0, 0, 0, 0, 0, 0, 0, 0, 0, 0, 23, 20, 27, 4, 0, 0, 0, 4, 25, 20, 24, 0, 0, 0, 0, 0, 0, 0, 0, 0, 0, 0, 0, 0, 0, 21, 0, 0, 0, 0, 0, 0, 0, 0, 0, 21, 0, 0, 0, 0, 0, 0, 0, 0, 0, 0, 0, 0, 0, 0, 21, 16, 0, 0, 0, 35, 0, 0, 0, 39, 21, 0, 0, 0, 0, 0, 0, 0, 0, 0, 0, 0, 0, 0, 0, 21, 0, 0, 0, 0, 0, 0, 0, 0, 0, 21, 0, 0, 0, 0, 0, 0, 0, 0, 0, 0, 0, 0, 0, 0, 25, 24, 4, 0, 0, 0, 0, 0, 4, 23, 27, 0, 0, 0, 0, 0, 0, 0, 0, 0, 0, 0, 0, 0, 0, 0, 25, 20, 24, 42, 17, 42, 23, 20, 27, 0, 0, 0, 0, 0, 0, 0, 0, 0, 0, 0, 0, 0, 0, 0, 0, 0, 0, 25, 20, 20, 20, 27, 0, 0, 0, 0, 0, 0, 0, 0, 0, 0, 0, 0, 0, 0, 0, 0, 0, 0, 0, 0, 0, 0, 0, 0, 0, 0, 0, 0, 0, 0, 0, 0, 0, 0, 0, 0, 0, 0, 0, 0, 0, 0, 0, 0, 0, 0, 0, 0, 0, 0, 0, 0, 0, 0, 0, 0, 0, 0, 0, 0, 0, 0, 0, 0, 0, 0, 0, 0, 0, 0, 0, 0, 0, 0, 0, 0, 0, 0, 0, 0, 0, 0, 0, 0, 0], "script": 3}, {"id": 1, "name": "card", "song": -1, "exits": [], "tiles": [0, 0, 0, 0, 0, 0, 0, 0, 0, 0, 0, 0, 0, 0, 0, 0, 0, 0, 0, 0, 0, 0, 0, 0, 0, 0, 0, 0, 0, 0, 0, 0, 0, 0, 0, 0, 0, 0, 0, 0, 0, 0, 0, 0, 0, 0, 0, 0, 0, 0, 0, 0, 0, 0, 0, 0, 0, 0, 0, 0, 0, 0, 0, 0, 0, 0, 0, 0, 0, 0, 0, 0, 0, 0, 0, 0, 0, 0, 0, 0, 23, 20, 24, 0, 0, 0, 0, 0, 0, 0, 0, 0, 0, 0, 0, 0, 0, 0, 0, 0, 0, 0, 0, 0, 0, 21, 0, 21, 0, 21, 0, 21, 0, 21, 0, 0, 23, 24, 0, 0, 0, 0, 0, 0, 0, 0, 0, 0, 0, 0, 30, 20, 27, 0, 21, 0, 21, 0, 21, 0, 0, 30, 27, 0, 0, 0, 16, 0, 0, 0, 0, 0, 0, 0, 0, 21, 0, 0, 0, 25, 20, 27, 0, 25, 20, 0, 22, 0, 0, 0, 0, 0, 0, 0, 0, 0, 0, 0, 0, 0, 0, 0, 0, 0, 0, 0, 0, 0, 0, 0, 0, 0, 0, 0, 0, 0, 0, 0, 0, 0, 0, 0, 0, 0, 0, 0, 23, 20, 24, 0, 0, 0, 0, 0, 0, 0, 0, 0, 0, 0, 0, 21, 0, 0, 0, 0, 0, 0, 0, 0, 0, 21, 0, 21, 0, 21, 0, 21, 0, 23, 20, 0, 23, 20, 0, 20, 29, 20, 0, 0, 0, 0, 0, 0, 0, 0, 25, 20, 29, 0, 21, 0, 21, 0, 30, 20, 0, 25, 24, 0, 0, 21, 0, 0, 0, 0, 0, 0, 0, 0, 0, 0, 0, 22, 0, 25, 20, 27, 0, 25, 20, 0, 20, 27, 0, 0, 25, 20, 0, 0, 0, 0, 0, 0, 0, 0, 0, 0, 0, 0, 0, 0, 0, 0, 0, 0, 0, 0, 0, 0, 0, 0, 0, 0, 0, 0, 0, 0, 0, 0, 0, 0, 0, 0, 0, 0, 0, 0, 0, 0, 0, 0, 0, 0, 0, 0, 0, 0, 0, 0, 0, 0, 0, 0, 0, 0, 0, 0, 0, 0, 0, 0, 0, 0, 0, 0, 0, 0, 0, 0, 0, 0, 0, 0, 0]}, {"id": 2, "name": "finish", "song": -1, "exits": [], "tiles": [0, 0, 0, 0, 0, 0, 0, 0, 0, 0, 0, 0, 0, 0, 0, 0, 0, 0, 0, 0, 0, 0, 0, 0, 0, 0, 0, 0, 0, 0, 0, 0, 23, 20, 20, 24, 23, 20, 24, 23, 20, 20, 24, 0, 0, 0, 0, 0, 0, 0, 0, 0, 0, 0, 0, 23, 20, 27, 0, 4, 25, 27, 38, 25, 27, 4, 0, 25, 20, 24, 0, 0, 0, 0, 0, 0, 0, 0, 0, 23, 27, 0, 0, 0, 0, 0, 42, 0, 42, 0, 0, 0, 0, 0, 25, 24, 0, 0, 0, 0, 0, 0, 0, 0, 21, 4, 0, 41, 22, 41, 0, 0, 0, 0, 0, 41, 22, 41, 0, 4, 21, 0, 0, 0, 0, 0, 0, 0, 23, 27, 0, 0, 20, 22, 20, 0, 0, 0, 0, 0, 20, 22, 20, 0, 0, 25, 24, 0, 0, 0, 0, 0, 0, 21, 0, 0, 0, 41, 22, 41, 0, 0, 0, 0, 0, 41, 22, 41, 0, 0, 0, 21, 0, 0, 0, 0, 0, 0, 21, 42, 0, 0, 20, 22, 20, 0, 0, 16, 0, 0, 20, 22, 20, 0, 0, 42, 21, 0, 0, 0, 0, 0, 0, 21, 0, 0, 0, 41, 22, 41, 0, 0, 0, 0, 0, 41, 22, 41, 0, 0, 0, 21, 0, 0, 0, 0, 0, 0, 25, 24, 0, 0, 20, 22, 20, 0, 0, 0, 0, 0, 20, 22, 20, 0, 0, 23, 27, 0, 0, 0, 0, 0, 0, 0, 21, 4, 0, 41, 22, 41, 0, 0, 0, 0, 0, 41, 22, 41, 0, 4, 21, 0, 0, 0, 0, 0, 0, 0, 0, 25, 24, 0, 0, 0, 0, 0, 0, 0, 0, 0, 0, 0, 0, 0, 23, 27, 0, 0, 0, 0, 0, 0, 0, 0, 0, 25, 20, 20, 20, 24, 42, 0, 0, 0, 42, 23, 20, 20, 20, 27, 0, 0, 0, 0, 0, 0, 0, 0, 0, 0, 0, 0, 0, 0, 25, 24, 4, 0, 4, 23, 27, 0, 0, 0, 0, 0, 0, 0, 0, 0, 0, 0, 0, 0, 0, 0, 0, 0, 0, 0, 25, 24, 0, 23, 27, 0, 0, 0, 0, 0, 0, 0, 0, 0, 0], "script": 22}, {"id": 3, "name": "dungeon", "song": -1, "exits": [{"x": 17, "y": 11, "id": 0, "tx": 12, "ty": 7, "room": 4}], "tiles": [23, 20, 20, 20, 24, 0, 0, 0, 0, 0, 0, 23, 20, 20, 20, 24, 0, 0, 0, 0, 21, 8, 8, 8, 8, 21, 0, 0, 39, 21, 0, 0, 0, 0, 0, 0, 21, 37, 0, 0, 21, 0, 0, 0, 23, 27, 8, 8, 8, 8, 21, 0, 0, 33, 21, 0, 0, 0, 0, 0, 23, 27, 0, 0, 0, 30, 20, 24, 0, 21, 8, 8, 5, 8, 8, 21, 0, 0, 0, 21, 0, 23, 20, 20, 20, 31, 14, 0, 0, 0, 3, 10, 25, 20, 27, 8, 8, 8, 8, 8, 25, 28, 32, 20, 31, 0, 21, 0, 0, 39, 21, 0, 23, 24, 0, 21, 10, 0, 0, 0, 0, 8, 8, 8, 8, 0, 21, 0, 0, 25, 28, 27, 0, 0, 0, 21, 0, 21, 21, 0, 21, 10, 0, 0, 9, 0, 0, 0, 0, 23, 0, 25, 24, 11, 0, 22, 0, 0, 0, 0, 21, 0, 25, 27, 0, 30, 24, 4, 0, 0, 0, 0, 0, 0, 21, 0, 0, 21, 0, 0, 0, 14, 0, 0, 0, 22, 0, 0, 0, 0, 21, 25, 20, 28, 20, 20, 3, 20, 28, 27, 0, 0, 21, 4, 0, 23, 20, 24, 0, 0, 0, 0, 0, 0, 14, 21, 0, 0, 21, 39, 0, 0, 0, 21, 0, 0, 0, 25, 28, 20, 27, 18, 25, 20, 20, 3, 28, 20, 20, 20, 27, 0, 0, 21, 0, 0, 0, 0, 21, 0, 23, 20, 20, 27, 0, 0, 0, 0, 0, 0, 0, 25, 20, 20, 24, 0, 23, 20, 31, 0, 0, 0, 0, 21, 0, 21, 0, 0, 0, 0, 0, 0, 9, 0, 0, 39, 39, 39, 39, 21, 0, 21, 35, 21, 0, 0, 0, 0, 21, 0, 21, 37, 0, 0, 23, 20, 24, 0, 0, 0, 23, 24, 0, 0, 21, 0, 21, 19, 3, 0, 11, 0, 0, 21, 0, 25, 20, 20, 20, 27, 0, 21, 0, 0, 4, 21, 21, 6, 0, 21, 0, 25, 20, 31, 0, 0, 0, 4, 21, 0, 0, 0, 0, 0, 0, 0, 25, 20, 20, 20, 27, 25, 20, 20, 27, 0, 0, 0, 25, 20, 20, 20, 20, 27, 0], "script": 13}, {"id": 4, "name": "temple", "song": -1, "exits": [{"x": 12, "y": 0, "id": 0, "tx": 12, "ty": 13, "room": 2}], "tiles": [0, 0, 0, 0, 0, 23, 20, 20, 20, 20, 24, 30, 3, 31, 23, 20, 20, 20, 20, 24, 0, 0, 0, 0, 0, 23, 20, 20, 20, 20, 27, 0, 0, 0, 0, 30, 27, 36, 25, 31, 0, 0, 18, 39, 25, 20, 20, 20, 20, 24, 21, 39, 0, 10, 0, 10, 0, 0, 15, 0, 22, 36, 36, 36, 22, 0, 0, 0, 0, 10, 0, 10, 0, 0, 21, 21, 0, 0, 0, 10, 0, 0, 0, 0, 0, 0, 0, 0, 0, 0, 0, 15, 0, 0, 0, 10, 0, 0, 0, 21, 21, 0, 0, 23, 20, 24, 4, 0, 0, 0, 0, 0, 0, 0, 0, 0, 0, 0, 4, 23, 20, 24, 0, 15, 21, 21, 0, 0, 21, 0, 25, 20, 24, 0, 0, 22, 0, 0, 0, 22, 0, 0, 23, 20, 27, 0, 21, 0, 0, 21, 21, 11, 0, 21, 0, 0, 0, 21, 0, 0, 0, 0, 0, 0, 0, 0, 0, 21, 0, 0, 0, 21, 0, 0, 21, 21, 0, 0, 21, 0, 0, 0, 21, 11, 0, 0, 0, 35, 0, 0, 0, 11, 21, 0, 0, 0, 21, 0, 0, 21, 21, 0, 15, 21, 0, 0, 0, 21, 0, 0, 0, 0, 0, 0, 0, 0, 0, 21, 0, 0, 0, 21, 0, 11, 21, 21, 0, 0, 21, 0, 23, 20, 27, 0, 0, 22, 0, 0, 0, 22, 0, 0, 25, 20, 24, 0, 21, 0, 0, 21, 21, 0, 0, 25, 20, 27, 4, 0, 0, 0, 0, 0, 0, 0, 0, 0, 0, 0, 4, 25, 20, 27, 0, 0, 21, 21, 0, 0, 0, 10, 0, 0, 0, 0, 0, 0, 0, 11, 0, 0, 0, 0, 0, 0, 0, 10, 0, 0, 0, 21, 21, 39, 0, 10, 0, 10, 0, 0, 0, 15, 23, 20, 20, 20, 24, 0, 0, 0, 0, 10, 0, 10, 0, 39, 21, 25, 20, 20, 20, 20, 24, 0, 18, 0, 0, 21, 0, 0, 0, 21, 15, 0, 0, 0, 23, 20, 20, 20, 20, 27, 0, 0, 0, 0, 0, 25, 20, 20, 20, 20, 27, 0, 0, 0, 25, 20, 20, 20, 20, 27, 0, 0, 0, 0, 0], "script": 2}], "songs": [{"id": 0, "bpm": 120, "name": "theme", "notes": [[], [], [], [], []], "ticks": 0, "splits": [[], [], [], [], []], "loopFrom": 0}], "tiles": [{"id": 0, "fps": 1, "name": "white", "type": 0, "btype": -1, "solid": false, "frames": [0]}, {"id": 1, "fps": 1, "name": "black", "type": 0, "btype": -1, "solid": true, "frames": [1]}, {"id": 2, "fps": 1, "name": "player", "type": 1, "btype": 1, "solid": false, "frames": [2], "script": 1}, {"id": 3, "fps": 0, "name": "locked", "type": 2, "btype": 1, "solid": true, "frames": [51], "script": 18}, {"id": 4, "fps": 1, "name": "pyre", "type": 0, "btype": -1, "solid": true, "frames": [4, 6]}, {"id": 5, "fps": 1, "name": "fish", "type": 2, "btype": 1, "solid": true, "frames": [5], "script": 6}, {"id": 6, "fps": 0, "name": "switch", "type": 3, "btype": 1, "solid": false, "frames": [48, 7], "script": 19}, {"id": 7, "fps": 0, "name": "sword", "type": 3, "btype": 0, "solid": false, "frames": [13, 15]}, {"id": 8, "fps": 2, "name": "water", "type": 0, "btype": -1, "solid": true, "frames": [8, 9]}, {"id": 9, "fps": 1, "name": "ghost", "type": 2, "btype": 1, "solid": true, "frames": [10], "script": 7}, {"id": 10, "fps": 0, "name": "spike", "type": 3, "btype": 1, "solid": false, "frames": [11, 12], "script": 8}, {"id": 11, "fps": 1, "name": "zombie", "type": 2, "btype": 1, "solid": true, "frames": [14], "script": 5}, {"id": 12, "fps": 1, "name": "ashes", "type": 0, "btype": -1, "solid": false, "frames": [16]}, {"id": 13, "fps": 0, "name": "spell", "type": 3, "btype": 1, "solid": false, "frames": [17], "script": 10}, {"id": 14, "fps": 0, "name": "spikeball", "type": 3, "btype": 1, "solid": false, "frames": [18, 19, 20, 21], "script": 9}, {"id": 15, "fps": 1, "name": "warlock", "type": 2, "btype": 1, "solid": true, "frames": [22], "script": 11}, {"id": 16, "fps": 1, "name": "wizard", "type": 2, "btype": 1, "solid": true, "frames": [23], "script": 12}, {"id": 17, "fps": 1, "name": "gold", "type": 3, "btype": 1, "solid": false, "frames": [24], "script": 14}, {"id": 18, "fps": 1, "name": "potion", "type": 3, "btype": 1, "solid": false, "frames": [25], "script": 15}, {"id": 19, "fps": 1, "name": "crystal", "says": "", "type": 3, "btype": 0, "solid": false, "frames": [26]}, {"id": 20, "fps": 1, "name": "wall1", "type": 0, "btype": -1, "solid": true, "frames": [27]}, {"id": 21, "fps": 1, "name": "wall2", "type": 0, "btype": -1, "solid": true, "frames": [28]}, {"id": 22, "fps": 1, "name": "wall3", "type": 0, "btype": -1, "solid": true, "frames": [29]}, {"id": 23, "fps": 1, "name": "wall4", "type": 0, "btype": -1, "solid": true, "frames": [30]}, {"id": 24, "fps": 1, "name": "wall5", "type": 0, "btype": -1, "solid": true, "frames": [31]}, {"id": 25, "fps": 1, "name": "wall6", "type": 0, "btype": -1, "solid": true, "frames": [32]}, {"id": 26, "fps": 1, "name": "wall10", "type": 0, "btype": -1, "solid": true, "frames": [33]}, {"id": 27, "fps": 1, "name": "wall8", "type": 0, "btype": -1, "solid": true, "frames": [34]}, {"id": 28, "fps": 1, "name": "wall9", "type": 0, "btype": -1, "solid": true, "frames": [35]}, {"id": 29, "fps": 1, "name": "wall13", "type": 0, "btype": -1, "solid": true, "frames": [36]}, {"id": 30, "fps": 1, "name": "wall11", "type": 0, "btype": -1, "solid": true, "frames": [37]}, {"id": 31, "fps": 1, "name": "wall12", "type": 0, "btype": -1, "solid": true, "frames": [38]}, {"id": 32, "fps": 0, "name": "door", "type": 3, "btype": 1, "solid": false, "frames": [39, 49], "script": 4}, {"id": 33, "fps": 1, "name": "stairsUp", "type": 0, "btype": -1, "solid": false, "frames": [40]}, {"id": 34, "fps": 1, "name": "key", "type": 3, "btype": 0, "solid": false, "frames": [41]}, {"id": 35, "fps": 1, "name": "teleport", "type": 3, "btype": 1, "solid": false, "frames": [42, 50], "script": 16}, {"id": 36, "fps": 2, "name": "fire", "type": 2, "btype": 1, "solid": true, "frames": [43, 3], "script": 20}, {"id": 37, "fps": 0, "name": "chest", "type": 2, "btype": 1, "solid": true, "frames": [44, 45], "script": 17}, {"id": 38, "fps": 1, "name": "scroll", "type": 2, "btype": 1, "solid": true, "frames": [46], "script": 23}, {"id": 39, "fps": 1, "name": "pot", "type": 0, "btype": -1, "solid": true, "frames": [47]}, {"id": 40, "fps": 1, "name": "broken", "type": 0, "btype": -1, "solid": false, "frames": [52]}, {"id": 41, "fps": 1, "name": "orb", "type": 2, "btype": 1, "solid": true, "frames": [53, 54], "script": 21}, {"id": 42, "fps": 1, "name": "statue", "says": "Wow! Nice knight statue", "type": 2, "btype": 0, "solid": true, "frames": [55]}, {"id": 43, "fps": 1, "name": "stairsDown", "type": 0, "btype": -1, "solid": false, "frames": [56]}], "author": "SCTF", "player": {"x": 12, "y": 7, "id": 2, "room": 0}, "script": 0, "sounds": [{"id": 0, "bpm": 120, "name": "beep", "type": 0, "notes": [], "ticks": 0}], "scripts": [{"id": 0, "data": {"load": ["block", 0], "loop": ["block", 1], "__blocks": [[["_", 1], ["set", "health", 100], ["set", "scene", 0]], [["_", 6], ["inc", "ticks"], ["if", ["gt", "ticks", 5], ["block", 2]]], [["_", 8], ["set", "ticks", 0], ["emit", "onTick"]], [["_", 14], ["set", "enemies", 0], ["set", "i", 0], ["while", ["lt", "i", 25], ["block", 4]]], [["_", 17], ["set", "j", 0], ["while", ["lt", "j", 15], ["block", 5]], ["inc", "i"]], [["_", 19], ["set", "n", ["name", ["xy", ["get", "i"], ["get", "j"]]]], ["#", 0], ["if", ["eq", "n", "ghost"], ["block", 6], ["elseif", ["eq", "n", "zombie"], ["block", 7]], ["elseif", ["eq", "n", "warlock"], ["block", 8]]], ["inc", "j"]], [["_", 22], ["inc", "enemies"]], [["_", 24], ["inc", "enemies"]], [["_", 26], ["inc", "enemies"]]], "__comments": ["-- ToDo: add more enemies"], "__srcOrder": ["load", "loop", "countEnemies"], "countEnemies": ["block", 3]}, "type": 0}, {"id": 2, "data": {"draw": ["block", 18], "confirm": ["block", 2], "__blocks": [[["_", 1], ["set", "d", ["get", "damage"]], ["div", "d", 100], ["shake", ["get", "d"]], -1, ["sub", "health", ["get", "damage"]], ["if", ["lte", "health", 0], ["block", 1]]], [["_", 7], ["fin", "You died"]], [["_", 12], ["set", "x", ["get", "event.x"]], ["set", "y", ["get", "event.y"]], ["add", "x", ["get", "event.dx"]], ["add", "y", ["get", "event.dy"]], -1, ["if", ["eq", "event.dx", 1], ["block", 3], ["elseif", ["eq", "event.dx", -1], ["block", 4]], ["elseif", ["eq", "event.dy", 1], ["block", 5]], ["elseif", ["eq", "event.dy", -1], ["block", 6]]], -1, ["set", "t", 0], -1, ["set", "n", ["name", ["xy", ["get", "x"], ["get", "y"]]]], ["if", ["eq", "n", "white"], ["block", 7], ["elseif", ["eq", "n", "pot"], ["block", 8]], ["elseif", ["eq", "n", "ghost"], ["block", 9]], ["elseif", ["eq", "n", "zombie"], ["block", 10]], ["elseif", ["eq", "n", "warlock"], ["block", 11]]], -1, ["if", ["gt", "t", 0], ["block", 12]]], [["_", 18], ["set", "f", 0]], [["_", 20], ["set", "f", 1]], [["_", 22], ["set", "f", 1]], [["_", 24], ["set", "f", 0]], [["_", 31], ["set", "t", 1]], [["_", 33], ["set", "t", 2], ["#", 0]], [["_", 36], ["set", "t", 3]], [["_", 38], ["set", "t", 3]], [["_", 40], ["set", "t", 3]], [["_", 44], ["tell", ["xy", ["get", "x"], ["get", "y"]], ["block", 13]]], [["_", 45], ["swap", "sword"], ["frame", ["get", "f"]], ["ignore"], ["wait", 0.025, ["block", 14]]], [["_", 49], ["if", ["eq", "t", 1], ["block", 15], ["elseif", ["eq", "t", 2], ["block", 16]], ["else", ["block", 17]]], ["listen"]], [["_", 50], ["swap", "white"]], [["_", 52], ["swap", "broken"]], [["_", 54], ["swap", "ashes"], ["dec", "enemies"]], [["_", 64], ["if", ["eq", "scene", 0], ["block", 19]]], [["_", 65], ["hide"]]], "onDamage": ["block", 0], "__comments": ["-- ToDo: add more enemies"], "__srcOrder": ["onDamage", "confirm", "draw"]}, "type": 2}, {"id": 4, "data": {"enter": ["block", 0], "__blocks": [[["_", 1], ["tell", ["get", "event.game"], ["block", 1]]], [["_", 2], ["call", "countEnemies"]]], "__comments": [], "__srcOrder": ["enter"]}, "type": 1}, {"id": 0, "data": {"enter": ["block", 0], "__blocks": [[["_", 1], ["if", ["eq", "scene", 0], ["block", 1]]], [["_", 2], ["ignore"], ["shake", 1], -1, ["wait", 1, ["block", 2]]], [["_", 6], ["set", "scene", 1], -1, ["wait", 1, ["block", 3]]], [["_", 9], ["say", "You: Ouch, it hearts..\fWhat happened? Where am I?.."], -1, ["set", "scene", 2]]], "__comments": [], "__srcOrder": ["enter"]}, "type": 1}, {"id": 32, "data": {"collect": ["block", 0], "__blocks": [[["_", 1], ["set", "f", ["frame"]], -1, ["if", ["eq", "f", 0], ["block", 1]]], [["_", 4], ["inc", "f"], ["frame", ["get", "f"]]]], "__comments": [], "__srcOrder": ["collect"]}, "type": 2}, {"id": 11, "data": {"onTick": ["block", 0], "__blocks": [[["_", 1], ["set", "x", ["get", "event.x"]], ["set", "y", ["get", "event.y"]], -1, ["set", "d", ["random", 1]], ["if", ["eq", "d", 0], ["block", 1], ["else", ["block", 4]]], -1, ["set", "n", ["name", ["xy", ["get", "x"], ["get", "y"]]]], ["if", ["eq", "n", "white"], ["block", 7]], -1, ["if", ["eq", "x", ["get", "event.px"]], ["block", 9]]], [["_", 6], ["if", ["lt", "event.px", ["get", "x"]], ["block", 2], ["elseif", ["gt", "event.px", ["get", "x"]], ["block", 3]]]], [["_", 7], ["dec", "x"]], [["_", 9], ["inc", "x"]], [["_", 12], ["if", ["lt", "event.py", ["get", "y"]], ["block", 5], ["elseif", ["gt", "event.py", ["get", "y"]], ["block", 6]]]], [["_", 13], ["dec", "y"]], [["_", 15], ["inc", "y"]], [["_", 21], ["swap", "white"], ["tell", ["xy", ["get", "x"], ["get", "y"]], ["block", 8]]], [["_", 23], ["swap", "zombie"]], [["_", 28], ["if", ["eq", "y", ["get", "event.py"]], ["block", 10]]], [["_", 29], ["set", "damage", 10], ["tell", ["get", "event.player"], ["block", 11]]], [["_", 31], ["call", "onDamage"]]], "__comments": [], "__srcOrder": ["onTick"]}, "type": 2}, {"id": 5, "data": {"onTick": ["block", 0], "__blocks": [[["_", 1], ["set", "x", ["get", "event.x"]], ["set", "y", ["get", "event.y"]], -1, ["set", "r", ["random", 2]], ["sub", "r", 1], -1, ["set", "d", ["random", 1]], ["if", ["eq", "d", 0], ["block", 1], ["else", ["block", 4]]], -1, ["set", "n", ["name", ["xy", ["get", "x"], ["get", "y"]]]], ["if", ["eq", "n", "water"], ["block", 7]]], [["_", 9], ["add", "x", ["get", "r"]], ["if", ["gt", "x", 25], ["block", 2], ["elseif", ["lt", "x", 0], ["block", 3]]]], [["_", 11], ["set", "x", 25]], [["_", 13], ["set", "x", 0]], [["_", 16], ["add", "y", ["get", "r"]], ["if", ["gt", "y", 15], ["block", 5], ["elseif", ["lt", "y", 0], ["block", 6]]]], [["_", 18], ["set", "y", 15]], [["_", 20], ["set", "y", 0]], [["_", 26], ["swap", "water"], ["tell", ["xy", ["get", "x"], ["get", "y"]], ["block", 8]]], [["_", 28], ["swap", "fish"]], [["_", 34], ["say", "The Golden Fish: Let me go and I'll grant you a wish"]]], "interact": ["block", 9], "__comments": [], "__srcOrder": ["onTick", "interact"]}, "type": 2}, {"id": 9, "data": {"onTick": ["block", 0], "__blocks": [[["_", 1], ["set", "x", ["get", "event.x"]], ["set", "y", ["get", "event.y"]], -1, ["set", "r", 0], ["while", ["eq", "r", 0], ["block", 1]], -1, ["set", "d", ["random", 1]], ["if", ["eq", "d", 0], ["block", 2], ["else", ["block", 3]]], -1, ["set", "n", ["name", ["xy", ["get", "x"], ["get", "y"]]]], ["if", ["eq", "n", "white"], ["block", 4]], -1, ["if", ["eq", "x", ["get", "event.px"]], ["block", 6]]], [["_", 6], ["set", "r", ["random", 2]], ["sub", "r", 1]], [["_", 12], ["add", "x", ["get", "r"]]], [["_", 14], ["add", "y", ["get", "r"]]], [["_", 19], ["swap", "white"], ["tell", ["xy", ["get", "x"], ["get", "y"]], ["block", 5]]], [["_", 21], ["swap", "ghost"]], [["_", 26], ["if", ["eq", "y", ["get", "event.py"]], ["block", 7]]], [["_", 27], ["set", "damage", 10], ["tell", ["get", "event.player"], ["block", 8]]], [["_", 29], ["call", "onDamage"]]], "__comments": [], "__srcOrder": ["onTick"]}, "type": 2}, {"id": 10, "data": {"onTick": ["block", 0], "__blocks": [[["_", 1], ["set", "f", ["frame"]], ["if", ["eq", "f", 0], ["block", 1], ["else", ["block", 5]]]], [["_", 3], ["frame", 1], -1, ["if", ["eq", "event.x", ["get", "event.px"]], ["block", 2]]], [["_", 6], ["if", ["eq", "event.y", ["get", "event.py"]], ["block", 3]]], [["_", 7], ["set", "damage", 10], ["tell", ["get", "event.player"], ["block", 4]]], [["_", 9], ["call", "onDamage"]], [["_", 14], ["frame", 0]]], "__comments": [], "__srcOrder": ["onTick"]}, "type": 2}, {"id": 14, "data": {"onTick": ["block", 0], "collect": ["block", 12], "__blocks": [[["_", 1], ["set", "x", ["get", "event.x"]], ["set", "y", ["get", "event.y"]], -1, ["set", "f", ["frame"]], -1, ["if", ["eq", "f", 0], ["block", 1], ["elseif", ["eq", "f", 1], ["block", 3]], ["elseif", ["eq", "f", 2], ["block", 5]], ["elseif", ["eq", "f", 3], ["block", 7]]], -1, ["swap", "white"], ["tell", ["xy", ["get", "x"], ["get", "y"]], ["block", 9]]], [["_", 7], ["inc", "x"], ["set", "n", ["solid", ["xy", ["get", "x"], ["get", "y"]]]], ["if", ["eq", "n", 1], ["block", 2]]], [["_", 10], ["set", "f", 1], ["sub", "x", 2]], [["_", 14], ["dec", "x"], ["set", "n", ["solid", ["xy", ["get", "x"], ["get", "y"]]]], ["if", ["eq", "n", 1], ["block", 4]]], [["_", 17], ["set", "f", 0], ["add", "x", 2]], [["_", 21], ["inc", "y"], ["set", "n", ["solid", ["xy", ["get", "x"], ["get", "y"]]]], ["if", ["eq", "n", 1], ["block", 6]]], [["_", 24], ["set", "f", 3], ["sub", "y", 2]], [["_", 28], ["dec", "y"], ["set", "n", ["solid", ["xy", ["get", "x"], ["get", "y"]]]], ["if", ["eq", "n", 1], ["block", 8]]], [["_", 31], ["set", "f", 2], ["add", "y", 2]], [["_", 38], ["swap", "spikeball"], ["frame", ["get", "f"]], -1, ["if", ["eq", "x", ["get", "event.px"]], ["block", 10]]], [["_", 42], ["if", ["eq", "y", ["get", "event.py"]], ["block", 11]]], [["_", 43], ["call", "collect"]], [["_", 50], ["set", "damage", 20], ["tell", ["get", "event.player"], ["block", 13]]], [["_", 52], ["call", "onDamage"]]], "__comments": [], "__srcOrder": ["onTick", "collect"]}, "type": 2}, {"id": 13, "data": {"onTick": ["block", 0], "collect": ["block", 10], "__blocks": [[["_", 1], ["set", "x", ["get", "event.x"]], ["set", "y", ["get", "event.y"]], -1, ["set", "f", ["frame"]], ["if", ["eq", "f", 0], ["block", 1], ["elseif", ["eq", "f", 1], ["block", 2]], ["elseif", ["eq", "f", 2], ["block", 3]], ["elseif", ["eq", "f", 3], ["block", 4]]], -1, ["swap", "white"], -1, ["set", "n", ["name", ["xy", ["get", "x"], ["get", "y"]]]], ["if", ["eq", "n", "white"], ["block", 5]]], [["_", 6], ["inc", "x"]], [["_", 8], ["dec", "x"]], [["_", 10], ["inc", "y"]], [["_", 12], ["dec", "y"]], [["_", 19], ["tell", ["xy", ["get", "x"], ["get", "y"]], ["block", 6]]], [["_", 20], ["swap", "spell"], ["frame", ["get", "f"]], -1, ["if", ["eq", "x", ["get", "event.px"]], ["block", 7]]], [["_", 24], ["if", ["eq", "y", ["get", "event.py"]], ["block", 8]]], [["_", 25], ["set", "damage", 20], ["tell", ["get", "event.player"], ["block", 9]]], [["_", 27], ["call", "onDamage"]], [["_", 36], ["set", "damage", 10], ["tell", ["get", "event.player"], ["block", 11]]], [["_", 38], ["call", "onDamage"]]], "__comments": [], "__srcOrder": ["onTick", "collect"]}, "type": 2}, {"id": 15, "data": {"onTick": ["block", 0], "__blocks": [[["_", 1], ["set", "x", ["get", "event.x"]], ["set", "y", ["get", "event.y"]], -1, ["set", "dx", 0], ["set", "dy", 0], -1, ["set", "r", ["random", 2]], ["set", "d", ["random", 1]], ["if", ["eq", "d", 0], ["block", 1], ["else", ["block", 9]]], -1, ["set", "n", ["name", ["xy", ["get", "x"], ["get", "y"]]]], ["if", ["eq", "n", "white"], ["block", 17]], -1, ["set", "r", 0], ["if", ["eq", "r", 0], ["block", 19]]], [["_", 10], ["if", ["lt", "event.px", ["get", "x"]], ["block", 2], ["elseif", ["gt", "event.px", ["get", "x"]], ["block", 4]], ["else", ["block", 6]]]], [["_", 11], ["if", ["eq", "r", 0], ["block", 3]]], [["_", 12], ["dec", "x"]], [["_", 15], ["if", ["eq", "r", 0], ["block", 5]]], [["_", 16], ["inc", "x"]], [["_", 19], ["if", ["lt", "event.py", ["get", "y"]], ["block", 7], ["elseif", ["gt", "event.py", ["get", "y"]], ["block", 8]]]], [["_", 20], ["set", "dy", -1]], [["_", 22], ["set", "dy", 1]], [["_", 26], ["if", ["lt", "event.py", ["get", "y"]], ["block", 10], ["elseif", ["gt", "event.py", ["get", "y"]], ["block", 12]], ["else", ["block", 14]]]], [["_", 27], ["if", ["eq", "r", 0], ["block", 11]]], [["_", 28], ["dec", "y"]], [["_", 31], ["if", ["eq", "r", 0], ["block", 13]]], [["_", 32], ["inc", "y"]], [["_", 35], ["if", ["lt", "event.px", ["get", "x"]], ["block", 15], ["elseif", ["gt", "event.px", ["get", "x"]], ["block", 16]]]], [["_", 36], ["set", "dx", -1]], [["_", 38], ["set", "dx", 1]], [["_", 45], ["swap", "white"], ["tell", ["xy", ["get", "x"], ["get", "y"]], ["block", 18]]], [["_", 47], ["swap", "warlock"]], [["_", 53], ["set", "x", ["get", "event.x"]], ["set", "y", ["get", "event.y"]], ["add", "x", ["get", "dx"]], ["add", "y", ["get", "dy"]], -1, ["if", ["eq", "dx", 1], ["block", 20], ["elseif", ["eq", "dx", -1], ["block", 21]], ["elseif", ["eq", "dy", 1], ["block", 22]], ["elseif", ["eq", "dy", -1], ["block", 23]]], -1, ["set", "n", ["name", ["xy", ["get", "x"], ["get", "y"]]]], ["if", ["eq", "n", "white"], ["block", 24]]], [["_", 59], ["set", "f", 0]], [["_", 61], ["set", "f", 1]], [["_", 63], ["set", "f", 2]], [["_", 65], ["set", "f", 3]], [["_", 70], ["tell", ["xy", ["get", "x"], ["get", "y"]], ["block", 25]]], [["_", 71], ["swap", "spell"], ["frame", ["get", "f"]]]], "__comments": [], "__srcOrder": ["onTick"]}, "type": 2}, {"id": 16, "data": {"onTalk": ["block", 15], "onTick": ["block", 0], "__blocks": [[["_", 1], ["if", ["eq", "scene", 2], ["block", 1], ["elseif", ["eq", "scene", 4], ["block", 2]], ["elseif", ["eq", "scene", 5], ["block", 3]]]], [["_", 2], ["set", "moveToX", ["get", "event.px"]], ["set", "moveToY", ["get", "event.py"]], ["call", "onMoveTo"]], [["_", 6], ["set", "moveToX", ["get", "event.px"]], ["set", "moveToY", ["get", "event.py"]], ["call", "onMoveTo"]], [["_", 10], ["set", "moveToX", 12], ["set", "moveToY", 7], ["call", "onMoveTo"]], [["_", 17], ["set", "x", ["get", "event.x"]], ["set", "y", ["get", "event.y"]], -1, ["if", ["lt", "moveToX", ["get", "x"]], ["block", 5], ["elseif", ["gt", "moveToX", ["get", "x"]], ["block", 6]]], -1, ["if", ["lt", "moveToY", ["get", "y"]], ["block", 7], ["elseif", ["gt", "moveToY", ["get", "y"]], ["block", 8]]], -1, ["set", "t", 0], -1, ["if", ["eq", "x", ["get", "moveToX"]], ["block", 9]], -1, ["if", ["eq", "t", 1], ["block", 11], ["else", ["block", 12]]]], [["_", 21], ["dec", "x"]], [["_", 23], ["inc", "x"]], [["_", 27], ["dec", "y"]], [["_", 29], ["inc", "y"]], [["_", 35], ["if", ["eq", "y", ["get", "moveToY"]], ["block", 10]]], [["_", 36], ["set", "t", 1]], [["_", 41], ["call", "onTalk"]], [["_", 43], ["set", "n", ["name", ["xy", ["get", "x"], ["get", "y"]]]], ["if", ["eq", "n", "white"], ["block", 13]]], [["_", 45], ["swap", "white"], ["tell", ["xy", ["get", "x"], ["get", "y"]], ["block", 14]]], [["_", 47], ["swap", "wizard"]], [["_", 54], ["if", ["eq", "scene", 2], ["block", 16], ["elseif", ["eq", "scene", 4], ["block", 24]], ["elseif", ["eq", "scene", 5], ["block", 26]]]], [["_", 55], ["say", "?: Stranger! We've been waiting for you!", ["block", 17]]], [["_", 56], ["say", "You: Eh?.. Who are you?", ["block", 18]]], [["_", 57], ["say", "?: Oh, my apologies. I'm an arch-wizard Hogwarth. Luamancers captured The Magic Orbs and turn our world in chaos.\fHelp me, stranger. You're my only hope.", ["block", 19]]], [["_", 58], ["say", "You: I was playing SCTF 2023 when suddenly something bang me behind...\fI'm looking for a flag to return home. Do you know here is it?..", ["block", 20]]], [["_", 59], ["say", "Hogwarth: Oh, it cannot be a coincidence!\fYou mean The Magic Scroll in The Hall of Galf, that is captured.", ["block", 21]]], [["_", 60], ["say", "You: Okay than..", ["block", 22]]], [["_", 61], ["say", "Hogwarth: It's dangerous to go alone! Take this sword.\fGo to The Dungeon of Falumar straight ahead.\fFind a magic crystal to teleport to The Hall of Galf and defeat Luamancers.", ["block", 23]]], [["_", 62], ["swap", "white"], ["set", "scene", 3], ["listen"]], [["_", 73], ["say", "Hogwarth: You have defeated Luamancers! The peace is restored. Thank you, stranger!\fNow, use your power to restore The Magic Orbs and read The Magic Scroll and go home.", ["block", 25]]], [["_", 74], ["set", "scene", 5]], [["_", 77], ["listen"]], [["_", 82], ["if", ["eq", "scene", 5], ["block", 28]]], [["_", 83], ["if", ["eq", "talkId", 0], ["block", 29], ["elseif", ["eq", "talkId", 1], ["block", 30]], ["elseif", ["eq", "talkId", 2], ["block", 31]], ["elseif", ["eq", "talkId", 3], ["block", 32]]]], [["_", 84], ["say", "Hogwarth: Concentrate, stranger. I believe in you!"], ["inc", "talkId"]], [["_", 87], ["say", "Hogwarth: Come on, try harder!"], ["inc", "talkId"]], [["_", 90], ["say", "Hogwarth: Hm... maybe you are not The Reverse Skill Proven.."], ["inc", "talkId"]], [["_", 93], ["say", "Hogwarth: You may clean my magic lab daily for rent and food. It is not much but it is honest work. Since you have been stuck here..."]]], "interact": ["block", 27], "onMoveTo": ["block", 4], "__comments": [], "__srcOrder": ["onTick", "onMoveTo", "onTalk", "interact"]}, "type": 2}, {"id": 3, "data": {"enter": ["block", 0], "__blocks": [[["_", 1], ["tell", ["xy", 11, 3], ["block", 1]], -1, ["tell", ["xy", 14, 8], ["block", 2]], -1, ["tell", ["get", "event.game"], ["block", 3]]], [["_", 2], ["swap", "spikeball"], ["frame", 2]], [["_", 7], ["swap", "spikeball"], ["frame", 3]], [["_", 12], ["call", "countEnemies"]]], "__comments": [], "__srcOrder": ["enter"]}, "type": 1}, {"id": 17, "data": {"collect": ["block", 0], "__blocks": [[["_", 1], ["add", "gold", 5], ["say", ["format", "You have ", ["get", "gold"], " gold"]], ["tell", ["xy", ["get", "event.x"], ["get", "event.y"]], ["block", 1]]], [["_", 4], ["swap", "white"]]], "__comments": [], "__srcOrder": ["collect"]}, "type": 2}, {"id": 18, "data": {"collect": ["block", 0], "__blocks": [[["_", 1], ["add", "health", 5], ["if", ["gt", "health", 100], ["block", 1]], ["say", ["format", "You have ", ["get", "health"], " health"]], ["tell", ["xy", ["get", "event.x"], ["get", "event.y"]], ["block", 2]]], [["_", 3], ["set", "health", 100]], [["_", 7], ["swap", "white"]]], "__comments": [], "__srcOrder": ["collect"]}, "type": 2}, {"id": 35, "type": 2}, {"id": 37, "data": {"spawn": ["block", 2], "__blocks": [[["_", 1], ["set", "f", ["frame"]], -1, ["if", ["eq", "f", 0], ["block", 1]]], [["_", 4], ["inc", "f"], ["frame", ["get", "f"]], -1, ["call", "spawn"]], [["_", 12], ["set", "i", -1], ["while", ["lt", "i", 2], ["block", 3]]], [["_", 14], ["set", "j", -1], ["while", ["lt", "j", 2], ["block", 4]], ["inc", "i"]], [["_", 16], ["set", "x", ["get", "event.x"]], ["set", "y", ["get", "event.y"]], -1, ["add", "x", ["get", "i"]], ["add", "y", ["get", "j"]], -1, ["if", ["neq", "x", ["get", "event.px"]], ["block", 5]], ["inc", "j"]], [["_", 23], ["if", ["neq", "y", ["get", "event.py"]], ["block", 6]]], [["_", 24], ["set", "n", ["name", ["xy", ["get", "x"], ["get", "y"]]]], ["if", ["eq", "n", "white"], ["block", 7]]], [["_", 26], ["tell", ["xy", ["get", "x"], ["get", "y"]], ["block", 8]], ["done"]], [["_", 27], ["swap", "key"]]], "interact": ["block", 0], "__comments": [], "__srcOrder": ["interact", "spawn"]}, "type": 2}, {"id": 3, "data": {"open": ["block", 4], "__blocks": [[["_", 1], ["call", "open"], ["if", ["eq", "open", 1], ["block", 1], ["else", ["block", 3]]]], [["_", 3], ["tell", ["xy", ["get", "event.x"], ["get", "event.y"]], ["block", 2]]], [["_", 4], ["swap", "door"], ["frame", 1]], [["_", 8], ["say", "Locked"]], [["_", 13], ["set", "open", 0], ["if", ["eq", "event.room", "dungeon"], ["block", 5], ["elseif", ["eq", "event.room", "temple"], ["block", 18]]]], [["_", 15], ["if", ["eq", "event.x", 10], ["block", 6]], ["if", ["eq", "event.x", 15], ["block", 9]], ["if", ["eq", "event.x", 21], ["block", 12]], ["if", ["eq", "event.x", 18], ["block", 15]]], [["_", 16], ["if", ["eq", "event.y", 9], ["block", 7]]], [["_", 17], ["if", ["eq", "keys", 1], ["block", 8]]], [["_", 18], ["set", "open", 1]], [["_", 23], ["if", ["eq", "event.y", 3], ["block", 10]]], [["_", 24], ["tell", ["xy", 12, 13], ["block", 11]]], [["_", 25], ["set", "open", ["frame"]]], [["_", 30], ["if", ["eq", "event.y", 7], ["block", 13]]], [["_", 31], ["if", ["eq", "keys", 2], ["block", 14]]], [["_", 32], ["set", "open", 1]], [["_", 37], ["if", ["eq", "event.y", 12], ["block", 16]]], [["_", 38], ["if", ["eq", "enemies", 0], ["block", 17]]], [["_", 39], ["set", "open", 1]], [["_", 44], ["if", ["eq", "enemies", 0], ["block", 19]]], [["_", 45], ["set", "open", 1], ["set", "scene", 4]]], "interact": ["block", 0], "__comments": [], "__srcOrder": ["interact", "open"]}, "type": 2}, {"id": 6, "data": {"collect": ["block", 0], "__blocks": [[["_", 1], ["set", "f", ["frame"]], -1, ["if", ["eq", "f", 0], ["block", 1], ["else", ["block", 2]]], -1, ["frame", ["get", "f"]]], [["_", 4], ["inc", "f"]], [["_", 6], ["dec", "f"]]], "__comments": [], "__srcOrder": ["collect"]}, "type": 2}, {"id": 36, "data": {"onTick": ["block", 0], "__blocks": [[["_", 1], ["if", ["lte", "enemies", 0], ["block", 1]]], [["_", 2], ["swap", "white"]], [["_", 7], ["set", "damage", 2147483648], ["tell", ["get", "event.player"], ["block", 3]]], [["_", 9], ["call", "onDamage"]]], "interact": ["block", 2], "__comments": [], "__srcOrder": ["onTick", "interact"]}, "type": 2}, {"id": 41, "data": {"__blocks": [[["_", 1], ["if", ["eq", "event.x", 9], ["block", 1], ["elseif", ["eq", "event.x", 7], ["block", 34]], ["elseif", ["eq", "event.x", 15], ["block", 67]], ["elseif", ["eq", "event.x", 17], ["block", 100]]]], [["_", 2], ["if", ["eq", "event.y", 10], ["block", 2], ["elseif", ["eq", "event.y", 8], ["block", 10]], ["elseif", ["eq", "event.y", 6], ["block", 18]], ["elseif", ["eq", "event.y", 4], ["block", 26]]]], [["_", 3], ["ask", ["format", "Orb A: ", ["get", "A"]], ["block", 3]]], [["_", 4], ["option", "+1", 0, ["block", 4]], ["option", "+5", 0, ["block", 5]], ["option", "+10", 0, ["block", 6]], ["option", "+50", 0, ["block", 7]], ["option", "+100", 0, ["block", 8]], ["tell", ["get", "event.room"], ["block", 9]]], [["_", 5], ["add", "A", 1]], [["_", 8], ["add", "A", 5]], [["_", 11], ["add", "A", 10]], [["_", 14], ["add", "A", 50]], [["_", 17], ["add", "A", 100]], [["_", 20], ["set", "x1", ["get", "A"]], ["set", "y1", 256], ["call", "qux"], ["set", "A", ["get", "y1"]], ["log", ["format", "A = ", ["get", "A"]]]], [["_", 28], ["ask", ["format", "Orb B: ", ["get", "B"]], ["block", 11]]], [["_", 29], ["option", "+1", 0, ["block", 12]], ["option", "+5", 0, ["block", 13]], ["option", "+10", 0, ["block", 14]], ["option", "+50", 0, ["block", 15]], ["option", "+100", 0, ["block", 16]], ["tell", ["get", "event.room"], ["block", 17]]], [["_", 30], ["add", "B", 1]], [["_", 33], ["add", "B", 5]], [["_", 36], ["add", "B", 10]], [["_", 39], ["add", "B", 50]], [["_", 42], ["add", "B", 100]], [["_", 45], ["set", "x1", ["get", "B"]], ["set", "y1", 256], ["call", "qux"], ["set", "B", ["get", "y1"]], ["log", ["format", "B = ", ["get", "B"]]]], [["_", 53], ["ask", ["format", "Orb C: ", ["get", "C"]], ["block", 19]]], [["_", 54], ["option", "+1", 0, ["block", 20]], ["option", "+5", 0, ["block", 21]], ["option", "+10", 0, ["block", 22]], ["option", "+50", 0, ["block", 23]], ["option", "+100", 0, ["block", 24]], ["tell", ["get", "event.room"], ["block", 25]]], [["_", 55], ["add", "C", 1]], [["_", 58], ["add", "C", 5]], [["_", 61], ["add", "C", 10]], [["_", 64], ["add", "C", 50]], [["_", 67], ["add", "C", 100]], [["_", 70], ["set", "x1", ["get", "C"]], ["set", "y1", 256], ["call", "qux"], ["set", "C", ["get", "y1"]], ["log", ["format", "C = ", ["get", "C"]]]], [["_", 78], ["ask", ["format", "Orb D: ", ["get", "D"]], ["block", 27]]], [["_", 79], ["option", "+1", 0, ["block", 28]], ["option", "+5", 0, ["block", 29]], ["option", "+10", 0, ["block", 30]], ["option", "+50", 0, ["block", 31]], ["option", "+100", 0, ["block", 32]], ["tell", ["get", "event.room"], ["block", 33]]], [["_", 80], ["add", "D", 1]], [["_", 83], ["add", "D", 5]], [["_", 86], ["add", "D", 10]], [["_", 89], ["add", "D", 50]], [["_", 92], ["add", "D", 100]], [["_", 95], ["set", "x1", ["get", "D"]], ["set", "y1", 256], ["call", "qux"], ["set", "D", ["get", "y1"]], ["log", ["format", "D = ", ["get", "D"]]]], [["_", 104], ["if", ["eq", "event.y", 10], ["block", 35], ["elseif", ["eq", "event.y", 8], ["block", 43]], ["elseif", ["eq", "event.y", 6], ["block", 51]], ["elseif", ["eq", "event.y", 4], ["block", 59]]]], [["_", 105], ["ask", ["format", "Orb H: ", ["get", "H"]], ["block", 36]]], [["_", 106], ["option", "+1", 0, ["block", 37]], ["option", "+5", 0, ["block", 38]], ["option", "+10", 0, ["block", 39]], ["option", "+50", 0, ["block", 40]], ["option", "+100", 0, ["block", 41]], ["tell", ["get", "event.room"], ["block", 42]]], [["_", 107], ["add", "H", 1]], [["_", 110], ["add", "H", 5]], [["_", 113], ["add", "H", 10]], [["_", 116], ["add", "H", 50]], [["_", 119], ["add", "H", 100]], [["_", 122], ["set", "x1", ["get", "H"]], ["set", "y1", 256], ["call", "qux"], ["set", "H", ["get", "y1"]], ["log", ["format", "H = ", ["get", "H"]]]], [["_", 130], ["ask", ["format", "Orb G: ", ["get", "G"]], ["block", 44]]], [["_", 131], ["option", "+1", 0, ["block", 45]], ["option", "+5", 0, ["block", 46]], ["option", "+10", 0, ["block", 47]], ["option", "+50", 0, ["block", 48]], ["option", "+100", 0, ["block", 49]], ["tell", ["get", "event.room"], ["block", 50]]], [["_", 132], ["add", "G", 1]], [["_", 135], ["add", "G", 5]], [["_", 138], ["add", "G", 10]], [["_", 141], ["add", "G", 50]], [["_", 144], ["add", "G", 100]], [["_", 147], ["set", "x1", ["get", "G"]], ["set", "y1", 256], ["call", "qux"], ["set", "G", ["get", "y1"]], ["log", ["format", "G = ", ["get", "G"]]]], [["_", 155], ["ask", ["format", "Orb F: ", ["get", "F"]], ["block", 52]]], [["_", 156], ["option", "+1", 0, ["block", 53]], ["option", "+5", 0, ["block", 54]], ["option", "+10", 0, ["block", 55]], ["option", "+50", 0, ["block", 56]], ["option", "+100", 0, ["block", 57]], ["tell", ["get", "event.room"], ["block", 58]]], [["_", 157], ["add", "F", 1]], [["_", 160], ["add", "F", 5]], [["_", 163], ["add", "F", 10]], [["_", 166], ["add", "F", 50]], [["_", 169], ["add", "F", 100]], [["_", 172], ["set", "x1", ["get", "F"]], ["set", "y1", 256], ["call", "qux"], ["set", "F", ["get", "y1"]], ["log", ["format", "F = ", ["get", "F"]]]], [["_", 180], ["ask", ["format", "Orb E: ", ["get", "E"]], ["block", 60]]], [["_", 181], ["option", "+1", 0, ["block", 61]], ["option", "+5", 0, ["block", 62]], ["option", "+10", 0, ["block", 63]], ["option", "+50", 0, ["block", 64]], ["option", "+100", 0, ["block", 65]], ["tell", ["get", "event.room"], ["block", 66]]], [["_", 182], ["add", "E", 1]], [["_", 185], ["add", "E", 5]], [["_", 188], ["add", "E", 10]], [["_", 191], ["add", "E", 50]], [["_", 194], ["add", "E", 100]], [["_", 197], ["set", "x1", ["get", "E"]], ["set", "y1", 256], ["call", "qux"], ["set", "E", ["get", "y1"]], ["log", ["format", "E = ", ["get", "E"]]]], [["_", 206], ["if", ["eq", "event.y", 10], ["block", 68], ["elseif", ["eq", "event.y", 8], ["block", 76]], ["elseif", ["eq", "event.y", 6], ["block", 84]], ["elseif", ["eq", "event.y", 4], ["block", 92]]]], [["_", 207], ["ask", ["format", "Orb I: ", ["get", "I"]], ["block", 69]]], [["_", 208], ["option", "+1", 0, ["block", 70]], ["option", "+5", 0, ["block", 71]], ["option", "+10", 0, ["block", 72]], ["option", "+50", 0, ["block", 73]], ["option", "+100", 0, ["block", 74]], ["tell", ["get", "event.room"], ["block", 75]]], [["_", 209], ["add", "I", 1]], [["_", 212], ["add", "I", 5]], [["_", 215], ["add", "I", 10]], [["_", 218], ["add", "I", 50]], [["_", 221], ["add", "I", 100]], [["_", 224], ["set", "x1", ["get", "I"]], ["set", "y1", 256], ["call", "qux"], ["set", "I", ["get", "y1"]], ["log", ["format", "I = ", ["get", "I"]]]], [["_", 232], ["ask", ["format", "Orb J: ", ["get", "J"]], ["block", 77]]], [["_", 233], ["option", "+1", 0, ["block", 78]], ["option", "+5", 0, ["block", 79]], ["option", "+10", 0, ["block", 80]], ["option", "+50", 0, ["block", 81]], ["option", "+100", 0, ["block", 82]], ["tell", ["get", "event.room"], ["block", 83]]], [["_", 234], ["add", "J", 1]], [["_", 237], ["add", "J", 5]], [["_", 240], ["add", "J", 10]], [["_", 243], ["add", "J", 50]], [["_", 246], ["add", "J", 100]], [["_", 249], ["set", "x1", ["get", "J"]], ["set", "y1", 256], ["call", "qux"], ["set", "J", ["get", "y1"]], ["log", ["format", "J = ", ["get", "J"]]]], [["_", 257], ["ask", ["format", "Orb K: ", ["get", "K"]], ["block", 85]]], [["_", 258], ["option", "+1", 0, ["block", 86]], ["option", "+5", 0, ["block", 87]], ["option", "+10", 0, ["block", 88]], ["option", "+50", 0, ["block", 89]], ["option", "+100", 0, ["block", 90]], ["tell", ["get", "event.room"], ["block", 91]]], [["_", 259], ["add", "K", 1]], [["_", 262], ["add", "K", 5]], [["_", 265], ["add", "K", 10]], [["_", 268], ["add", "K", 50]], [["_", 271], ["add", "K", 100]], [["_", 274], ["set", "x1", ["get", "K"]], ["set", "y1", 256], ["call", "qux"], ["set", "K", ["get", "y1"]], ["log", ["format", "K = ", ["get", "K"]]]], [["_", 282], ["ask", ["format", "Orb L: ", ["get", "L"]], ["block", 93]]], [["_", 283], ["option", "+1", 0, ["block", 94]], ["option", "+5", 0, ["block", 95]], ["option", "+10", 0, ["block", 96]], ["option", "+50", 0, ["block", 97]], ["option", "+100", 0, ["block", 98]], ["tell", ["get", "event.room"], ["block", 99]]], [["_", 284], ["add", "L", 1]], [["_", 287], ["add", "L", 5]], [["_", 290], ["add", "L", 10]], [["_", 293], ["add", "L", 50]], [["_", 296], ["add", "L", 100]], [["_", 299], ["set", "x1", ["get", "L"]], ["set", "y1", 256], ["call", "qux"], ["set", "L", ["get", "y1"]], ["log", ["format", "L = ", ["get", "L"]]]], [["_", 308], ["if", ["eq", "event.y", 10], ["block", 101], ["elseif", ["eq", "event.y", 8], ["block", 109]], ["elseif", ["eq", "event.y", 6], ["block", 117]], ["elseif", ["eq", "event.y", 4], ["block", 125]]]], [["_", 309], ["ask", ["format", "Orb P: ", ["get", "P"]], ["block", 102]]], [["_", 310], ["option", "+1", 0, ["block", 103]], ["option", "+5", 0, ["block", 104]], ["option", "+10", 0, ["block", 105]], ["option", "+50", 0, ["block", 106]], ["option", "+100", 0, ["block", 107]], ["tell", ["get", "event.room"], ["block", 108]]], [["_", 311], ["add", "P", 1]], [["_", 314], ["add", "P", 5]], [["_", 317], ["add", "P", 10]], [["_", 320], ["add", "P", 50]], [["_", 323], ["add", "P", 100]], [["_", 326], ["set", "x1", ["get", "P"]], ["set", "y1", 256], ["call", "qux"], ["set", "P", ["get", "y1"]], ["log", ["format", "P = ", ["get", "P"]]]], [["_", 334], ["ask", ["format", "Orb O: ", ["get", "O"]], ["block", 110]]], [["_", 335], ["option", "+1", 0, ["block", 111]], ["option", "+5", 0, ["block", 112]], ["option", "+10", 0, ["block", 113]], ["option", "+50", 0, ["block", 114]], ["option", "+100", 0, ["block", 115]], ["tell", ["get", "event.room"], ["block", 116]]], [["_", 336], ["add", "O", 1]], [["_", 339], ["add", "O", 5]], [["_", 342], ["add", "O", 10]], [["_", 345], ["add", "O", 50]], [["_", 348], ["add", "O", 100]], [["_", 351], ["set", "x1", ["get", "O"]], ["set", "y1", 256], ["call", "qux"], ["set", "O", ["get", "y1"]], ["log", ["format", "O = ", ["get", "O"]]]], [["_", 359], ["ask", ["format", "Orb N: ", ["get", "N"]], ["block", 118]]], [["_", 360], ["option", "+1", 0, ["block", 119]], ["option", "+5", 0, ["block", 120]], ["option", "+10", 0, ["block", 121]], ["option", "+50", 0, ["block", 122]], ["option", "+100", 0, ["block", 123]], ["tell", ["get", "event.room"], ["block", 124]]], [["_", 361], ["add", "N", 1]], [["_", 364], ["add", "N", 5]], [["_", 367], ["add", "N", 10]], [["_", 370], ["add", "N", 50]], [["_", 373], ["add", "N", 100]], [["_", 376], ["set", "x1", ["get", "N"]], ["set", "y1", 256], ["call", "qux"], ["set", "N", ["get", "y1"]], ["log", ["format", "N = ", ["get", "N"]]]], [["_", 384], ["ask", ["format", "Orb M: ", ["get", "M"]], ["block", 126]]], [["_", 385], ["option", "+1", 0, ["block", 127]], ["option", "+5", 0, ["block", 128]], ["option", "+10", 0, ["block", 129]], ["option", "+50", 0, ["block", 130]], ["option", "+100", 0, ["block", 131]], ["tell", ["get", "event.room"], ["block", 132]]], [["_", 386], ["add", "M", 1]], [["_", 389], ["add", "M", 5]], [["_", 392], ["add", "M", 10]], [["_", 395], ["add", "M", 50]], [["_", 398], ["add", "M", 100]], [["_", 401], ["set", "x1", ["get", "M"]], ["set", "y1", 256], ["call", "qux"], ["set", "M", ["get", "y1"]], ["log", ["format", "M = ", ["get", "M"]]]]], "interact": ["block", 0], "__comments": [], "__srcOrder": ["interact"]}, "type": 2}, {"id": 2, "data": {"abc": ["block", 14], "bar": ["block", 17], "baz": ["block", 18], "boo": ["block", 15], "foo": ["block", 16], "ork": ["block", 5], "qux": ["block", 1], "fred": ["block", 2], "thud": ["block", 9], "corge": ["block", 13], "enter": ["block", 0], "plugh": ["block", 11], "__blocks": [[["_", 1], ["ignore"]], [["_", 5], ["set", "a1", ["get", "x1"]], ["set", "b1", ["get", "x1"]], ["div", "b1", ["get", "y1"]], ["set", "b1", ["floor", ["get", "b1"]]], ["set", "x1", ["get", "b1"]], -1, ["mul", "b1", ["get", "y1"]], ["sub", "a1", ["get", "b1"]], -1, ["set", "y1", ["get", "a1"]]], [["_", 18], ["set", "a2", ["get", "x2"]], ["set", "b2", ["get", "y2"]], ["set", "c2", 0], ["set", "d2", 1], -1, ["set", "i2", 0], ["while", ["lt", "i2", 8], ["block", 3]], -1, ["set", "x2", ["get", "c2"]]], [["_", 25], ["add", "i2", 1], -1, ["set", "x1", ["get", "a2"]], ["set", "y1", 2], ["call", "qux"], ["set", "a2", ["get", "x1"]], ["set", "e2", ["get", "y1"]], -1, ["set", "x1", ["get", "b2"]], ["set", "y1", 2], ["call", "qux"], ["set", "b2", ["get", "x1"]], ["set", "f2", ["get", "y1"]], -1, ["add", "e2", ["get", "f2"]], ["if", ["eq", "e2", 1], ["block", 4]], -1, ["mul", "d2", 2]], [["_", 41], ["add", "c2", ["get", "d2"]]], [["_", 51], ["set", "a3", ["get", "x3"]], ["set", "b3", ["get", "y3"]], ["set", "c3", 0], ["set", "d3", 1], -1, ["set", "i3", 0], ["while", ["lt", "i3", 8], ["block", 6]], -1, ["set", "x3", ["get", "c3"]]], [["_", 58], ["add", "i3", 1], -1, ["set", "x1", ["get", "a3"]], ["set", "y1", 2], ["call", "qux"], ["set", "a3", ["get", "x1"]], ["set", "e3", ["get", "y1"]], -1, ["set", "x1", ["get", "b3"]], ["set", "y1", 2], ["call", "qux"], ["set", "b3", ["get", "x1"]], ["set", "f3", ["get", "y1"]], -1, ["if", ["neq", "e3", 0], ["block", 7], ["elseif", ["neq", "f3", 0], ["block", 8]]], -1, ["mul", "d3", 2]], [["_", 73], ["add", "c3", ["get", "d3"]]], [["_", 75], ["add", "c3", ["get", "d3"]]], [["_", 85], ["set", "a4", ["get", "x4"]], -1, ["set", "i4", 0], ["while", ["lt", "i4", ["get", "y4"]], ["block", 10]], -1, ["set", "x4", ["get", "a4"]]], [["_", 89], ["add", "i4", 1], ["add", "a4", ["get", "a4"]]], [["_", 97], ["set", "a5", ["get", "x5"]], -1, ["set", "i5", 0], ["while", ["lt", "i5", ["get", "y5"]], ["block", 12]], -1, ["set", "x5", ["get", "a5"]]], [["_", 101], ["add", "i5", 1], ["div", "a5", 2], ["set", "a5", ["floor", ["get", "a5"]]]], [["_", 110], ["set", "x1", ["get", "y6"]], ["set", "y1", 8], ["call", "qux"], -1, ["set", "x4", ["get", "x6"]], ["set", "y4", ["get", "y1"]], ["call", "thud"], -1, ["set", "d6", 8], ["sub", "d6", ["get", "y1"]], -1, ["set", "x5", ["get", "x6"]], ["set", "y5", ["get", "d6"]], ["call", "plugh"], -1, ["set", "x3", ["get", "x4"]], ["set", "y3", ["get", "x5"]], ["call", "ork"], ["set", "x6", ["get", "x3"]]], [["_", 132], ["set", "a7", ["get", "x7"]], ["add", "a7", ["get", "y7"]], -1, ["set", "x1", ["get", "a7"]], ["set", "y1", 256], ["call", "qux"], ["set", "x7", ["get", "y1"]]], [["_", 142], ["set", "x2", ["get", "a0"]], ["set", "y2", ["get", "b0"]], ["call", "fred"], ["set", "a8", ["get", "x2"]], -1, ["set", "x6", ["get", "a8"]], ["set", "y6", ["get", "b0"]], ["call", "corge"], ["set", "b8", ["get", "x6"]], -1, ["set", "x7", ["get", "b8"]], ["set", "y7", ["get", "e0"]], ["call", "abc"], ["set", "a0", ["get", "x7"]], -1, ["set", "x2", ["get", "a0"]], ["set", "y2", ["get", "b0"]], ["call", "fred"], ["set", "a8", ["get", "x2"]], -1, ["set", "x6", ["get", "a8"]], ["set", "y6", ["get", "a0"]], ["call", "corge"], ["set", "b8", ["get", "x6"]], -1, ["set", "x7", ["get", "b8"]], ["set", "y7", ["get", "f0"]], ["call", "abc"], ["set", "b0", ["get", "x7"]], -1, ["set", "x2", ["get", "c0"]], ["set", "y2", ["get", "d0"]], ["call", "fred"], ["set", "a8", ["get", "x2"]], -1, ["set", "x6", ["get", "a8"]], ["set", "y6", ["get", "d0"]], ["call", "corge"], ["set", "b8", ["get", "x6"]], -1, ["set", "x7", ["get", "b8"]], ["set", "y7", ["get", "e0"]], ["call", "abc"], ["set", "c0", ["get", "x7"]], -1, ["set", "x2", ["get", "c0"]], ["set", "y2", ["get", "d0"]], ["call", "fred"], ["set", "a8", ["get", "x2"]], -1, ["set", "x6", ["get", "a8"]], ["set", "y6", ["get", "c0"]], ["call", "corge"], ["set", "b8", ["get", "x6"]], -1, ["set", "x7", ["get", "b8"]], ["set", "y7", ["get", "f0"]], ["call", "abc"], ["set", "d0", ["get", "x7"]]], [["_", 204], ["set", "a0", ["get", "A"]], ["set", "b0", ["get", "B"]], ["set", "c0", ["get", "C"]], ["set", "d0", ["get", "D"]], ["set", "e0", 36], ["set", "f0", 23], ["call", "boo"], ["set", "B", ["get", "a0"]], ["set", "C", ["get", "b0"]], ["set", "D", ["get", "c0"]], ["set", "A", ["get", "d0"]], -1, ["set", "a0", ["get", "E"]], ["set", "b0", ["get", "F"]], ["set", "c0", ["get", "G"]], ["set", "d0", ["get", "H"]], ["set", "e0", 23], ["set", "f0", 181], ["call", "boo"], ["set", "F", ["get", "a0"]], ["set", "G", ["get", "b0"]], ["set", "H", ["get", "c0"]], ["set", "E", ["get", "d0"]], -1, ["set", "a0", ["get", "I"]], ["set", "b0", ["get", "J"]], ["set", "c0", ["get", "K"]], ["set", "d0", ["get", "L"]], ["set", "e0", 181], ["set", "f0", 177], ["call", "boo"], ["set", "J", ["get", "a0"]], ["set", "K", ["get", "b0"]], ["set", "L", ["get", "c0"]], ["set", "I", ["get", "d0"]], -1, ["set", "a0", ["get", "M"]], ["set", "b0", ["get", "N"]], ["set", "c0", ["get", "O"]], ["set", "d0", ["get", "P"]], ["set", "e0", 177], ["set", "f0", 36], ["call", "boo"], ["set", "N", ["get", "a0"]], ["set", "O", ["get", "b0"]], ["set", "P", ["get", "c0"]], ["set", "M", ["get", "d0"]], -1, ["set", "a0", ["get", "A"]], ["set", "b0", ["get", "B"]], ["set", "c0", ["get", "C"]], ["set", "d0", ["get", "D"]], ["set", "e0", 69], ["set", "f0", 193], ["call", "boo"], ["set", "B", ["get", "a0"]], ["set", "C", ["get", "b0"]], ["set", "D", ["get", "c0"]], ["set", "A", ["get", "d0"]], -1, ["set", "a0", ["get", "E"]], ["set", "b0", ["get", "F"]], ["set", "c0", ["get", "G"]], ["set", "d0", ["get", "H"]], ["set", "e0", 193], ["set", "f0", 10], ["call", "boo"], ["set", "F", ["get", "a0"]], ["set", "G", ["get", "b0"]], ["set", "H", ["get", "c0"]], ["set", "E", ["get", "d0"]], -1, ["set", "a0", ["get", "I"]], ["set", "b0", ["get", "J"]], ["set", "c0", ["get", "K"]], ["set", "d0", ["get", "L"]], ["set", "e0", 10], ["set", "f0", 99], ["call", "boo"], ["set", "J", ["get", "a0"]], ["set", "K", ["get", "b0"]], ["set", "L", ["get", "c0"]], ["set", "I", ["get", "d0"]], -1, ["set", "a0", ["get", "M"]], ["set", "b0", ["get", "N"]], ["set", "c0", ["get", "O"]], ["set", "d0", ["get", "P"]], ["set", "e0", 99], ["set", "f0", 69], ["call", "boo"], ["set", "N", ["get", "a0"]], ["set", "O", ["get", "b0"]], ["set", "P", ["get", "c0"]], ["set", "M", ["get", "d0"]], -1, ["set", "a0", ["get", "A"]], ["set", "b0", ["get", "B"]], ["set", "c0", ["get", "C"]], ["set", "d0", ["get", "D"]], ["set", "e0", 246], ["set", "f0", 149], ["call", "boo"], ["set", "B", ["get", "a0"]], ["set", "C", ["get", "b0"]], ["set", "D", ["get", "c0"]], ["set", "A", ["get", "d0"]], -1, ["set", "a0", ["get", "E"]], ["set", "b0", ["get", "F"]], ["set", "c0", ["get", "G"]], ["set", "d0", ["get", "H"]], ["set", "e0", 149], ["set", "f0", 183], ["call", "boo"], ["set", "F", ["get", "a0"]], ["set", "G", ["get", "b0"]], ["set", "H", ["get", "c0"]], ["set", "E", ["get", "d0"]], -1, ["set", "a0", ["get", "I"]], ["set", "b0", ["get", "J"]], ["set", "c0", ["get", "K"]], ["set", "d0", ["get", "L"]], ["set", "e0", 183], ["set", "f0", 75], ["call", "boo"], ["set", "J", ["get", "a0"]], ["set", "K", ["get", "b0"]], ["set", "L", ["get", "c0"]], ["set", "I", ["get", "d0"]], -1, ["set", "a0", ["get", "M"]], ["set", "b0", ["get", "N"]], ["set", "c0", ["get", "O"]], ["set", "d0", ["get", "P"]], ["set", "e0", 75], ["set", "f0", 246], ["call", "boo"], ["set", "N", ["get", "a0"]], ["set", "O", ["get", "b0"]], ["set", "P", ["get", "c0"]], ["set", "M", ["get", "d0"]], -1, ["set", "a0", ["get", "A"]], ["set", "b0", ["get", "B"]], ["set", "c0", ["get", "C"]], ["set", "d0", ["get", "D"]], ["set", "e0", 181], ["set", "f0", 94], ["call", "boo"], ["set", "B", ["get", "a0"]], ["set", "C", ["get", "b0"]], ["set", "D", ["get", "c0"]], ["set", "A", ["get", "d0"]], -1, ["set", "a0", ["get", "E"]], ["set", "b0", ["get", "F"]], ["set", "c0", ["get", "G"]], ["set", "d0", ["get", "H"]], ["set", "e0", 94], ["set", "f0", 185], ["call", "boo"], ["set", "F", ["get", "a0"]], ["set", "G", ["get", "b0"]], ["set", "H", ["get", "c0"]], ["set", "E", ["get", "d0"]], -1, ["set", "a0", ["get", "I"]], ["set", "b0", ["get", "J"]], ["set", "c0", ["get", "K"]], ["set", "d0", ["get", "L"]], ["set", "e0", 185], ["set", "f0", 250], ["call", "boo"], ["set", "J", ["get", "a0"]], ["set", "K", ["get", "b0"]], ["set", "L", ["get", "c0"]], ["set", "I", ["get", "d0"]], -1, ["set", "a0", ["get", "M"]], ["set", "b0", ["get", "N"]], ["set", "c0", ["get", "O"]], ["set", "d0", ["get", "P"]], ["set", "e0", 250], ["set", "f0", 181], ["call", "boo"], ["set", "N", ["get", "a0"]], ["set", "O", ["get", "b0"]], ["set", "P", ["get", "c0"]], ["set", "M", ["get", "d0"]], -1, ["set", "a0", ["get", "A"]], ["set", "b0", ["get", "B"]], ["set", "c0", ["get", "C"]], ["set", "d0", ["get", "D"]], ["set", "e0", 179], ["set", "f0", 79], ["call", "boo"], ["set", "B", ["get", "a0"]], ["set", "C", ["get", "b0"]], ["set", "D", ["get", "c0"]], ["set", "A", ["get", "d0"]], -1, ["set", "a0", ["get", "E"]], ["set", "b0", ["get", "F"]], ["set", "c0", ["get", "G"]], ["set", "d0", ["get", "H"]], ["set", "e0", 79], ["set", "f0", 77], ["call", "boo"], ["set", "F", ["get", "a0"]], ["set", "G", ["get", "b0"]], ["set", "H", ["get", "c0"]], ["set", "E", ["get", "d0"]], -1, ["set", "a0", ["get", "I"]], ["set", "b0", ["get", "J"]], ["set", "c0", ["get", "K"]], ["set", "d0", ["get", "L"]], ["set", "e0", 77], ["set", "f0", 56], ["call", "boo"], ["set", "J", ["get", "a0"]], ["set", "K", ["get", "b0"]], ["set", "L", ["get", "c0"]], ["set", "I", ["get", "d0"]], -1, ["set", "a0", ["get", "M"]], ["set", "b0", ["get", "N"]], ["set", "c0", ["get", "O"]], ["set", "d0", ["get", "P"]], ["set", "e0", 56], ["set", "f0", 179], ["call", "boo"], ["set", "N", ["get", "a0"]], ["set", "O", ["get", "b0"]], ["set", "P", ["get", "c0"]], ["set", "M", ["get", "d0"]], -1, ["set", "a0", ["get", "A"]], ["set", "b0", ["get", "B"]], ["set", "c0", ["get", "C"]], ["set", "d0", ["get", "D"]], ["set", "e0", 107], ["set", "f0", 54], ["call", "boo"], ["set", "B", ["get", "a0"]], ["set", "C", ["get", "b0"]], ["set", "D", ["get", "c0"]], ["set", "A", ["get", "d0"]], -1, ["set", "a0", ["get", "E"]], ["set", "b0", ["get", "F"]], ["set", "c0", ["get", "G"]], ["set", "d0", ["get", "H"]], ["set", "e0", 54], ["set", "f0", 201], ["call", "boo"], ["set", "F", ["get", "a0"]], ["set", "G", ["get", "b0"]], ["set", "H", ["get", "c0"]], ["set", "E", ["get", "d0"]], -1, ["set", "a0", ["get", "I"]], ["set", "b0", ["get", "J"]], ["set", "c0", ["get", "K"]], ["set", "d0", ["get", "L"]], ["set", "e0", 201], ["set", "f0", 203], ["call", "boo"], ["set", "J", ["get", "a0"]], ["set", "K", ["get", "b0"]], ["set", "L", ["get", "c0"]], ["set", "I", ["get", "d0"]], -1, ["set", "a0", ["get", "M"]], ["set", "b0", ["get", "N"]], ["set", "c0", ["get", "O"]], ["set", "d0", ["get", "P"]], ["set", "e0", 203], ["set", "f0", 107], ["call", "boo"], ["set", "N", ["get", "a0"]], ["set", "O", ["get", "b0"]], ["set", "P", ["get", "c0"]], ["set", "M", ["get", "d0"]], -1, ["set", "a0", ["get", "A"]], ["set", "b0", ["get", "B"]], ["set", "c0", ["get", "C"]], ["set", "d0", ["get", "D"]], ["set", "e0", 243], ["set", "f0", 64], ["call", "boo"], ["set", "B", ["get", "a0"]], ["set", "C", ["get", "b0"]], ["set", "D", ["get", "c0"]], ["set", "A", ["get", "d0"]], -1, ["set", "a0", ["get", "E"]], ["set", "b0", ["get", "F"]], ["set", "c0", ["get", "G"]], ["set", "d0", ["get", "H"]], ["set", "e0", 64], ["set", "f0", 48], ["call", "boo"], ["set", "F", ["get", "a0"]], ["set", "G", ["get", "b0"]], ["set", "H", ["get", "c0"]], ["set", "E", ["get", "d0"]], -1, ["set", "a0", ["get", "I"]], ["set", "b0", ["get", "J"]], ["set", "c0", ["get", "K"]], ["set", "d0", ["get", "L"]], ["set", "e0", 48], ["set", "f0", 121], ["call", "boo"], ["set", "J", ["get", "a0"]], ["set", "K", ["get", "b0"]], ["set", "L", ["get", "c0"]], ["set", "I", ["get", "d0"]], -1, ["set", "a0", ["get", "M"]], ["set", "b0", ["get", "N"]], ["set", "c0", ["get", "O"]], ["set", "d0", ["get", "P"]], ["set", "e0", 121], ["set", "f0", 243], ["call", "boo"], ["set", "N", ["get", "a0"]], ["set", "O", ["get", "b0"]], ["set", "P", ["get", "c0"]], ["set", "M", ["get", "d0"]], -1, ["set", "a0", ["get", "A"]], ["set", "b0", ["get", "B"]], ["set", "c0", ["get", "C"]], ["set", "d0", ["get", "D"]], ["set", "e0", 173], ["set", "f0", 95], ["call", "boo"], ["set", "B", ["get", "a0"]], ["set", "C", ["get", "b0"]], ["set", "D", ["get", "c0"]], ["set", "A", ["get", "d0"]], -1, ["set", "a0", ["get", "E"]], ["set", "b0", ["get", "F"]], ["set", "c0", ["get", "G"]], ["set", "d0", ["get", "H"]], ["set", "e0", 95], ["set", "f0", 231], ["call", "boo"], ["set", "F", ["get", "a0"]], ["set", "G", ["get", "b0"]], ["set", "H", ["get", "c0"]], ["set", "E", ["get", "d0"]], -1, ["set", "a0", ["get", "I"]], ["set", "b0", ["get", "J"]], ["set", "c0", ["get", "K"]], ["set", "d0", ["get", "L"]], ["set", "e0", 231], ["set", "f0", 47], ["call", "boo"], ["set", "J", ["get", "a0"]], ["set", "K", ["get", "b0"]], ["set", "L", ["get", "c0"]], ["set", "I", ["get", "d0"]], -1, ["set", "a0", ["get", "M"]], ["set", "b0", ["get", "N"]], ["set", "c0", ["get", "O"]], ["set", "d0", ["get", "P"]], ["set", "e0", 47], ["set", "f0", 173], ["call", "boo"], ["set", "N", ["get", "a0"]], ["set", "O", ["get", "b0"]], ["set", "P", ["get", "c0"]], ["set", "M", ["get", "d0"]]], [["_", 590], ["set", "x2", ["get", "A"]], ["set", "y2", 36], ["call", "fred"], ["set", "a8", ["get", "x2"]], -1, ["set", "x2", ["get", "B"]], ["set", "y2", 200], ["call", "fred"], ["add", "a8", ["get", "x2"]], -1, ["set", "x2", ["get", "C"]], ["set", "y2", 122], ["call", "fred"], ["add", "a8", ["get", "x2"]], -1, ["set", "x2", ["get", "D"]], ["set", "y2", 255], ["call", "fred"], ["add", "a8", ["get", "x2"]], -1, ["set", "x2", ["get", "E"]], ["set", "y2", 146], ["call", "fred"], ["add", "a8", ["get", "x2"]], -1, ["set", "x2", ["get", "F"]], ["set", "y2", 2], ["call", "fred"], ["add", "a8", ["get", "x2"]], -1, ["set", "x2", ["get", "G"]], ["set", "y2", 160], ["call", "fred"], ["add", "a8", ["get", "x2"]], -1, ["set", "x2", ["get", "H"]], ["set", "y2", 94], ["call", "fred"], ["add", "a8", ["get", "x2"]], -1, ["set", "x2", ["get", "I"]], ["set", "y2", 80], ["call", "fred"], ["add", "a8", ["get", "x2"]], -1, ["set", "x2", ["get", "J"]], ["set", "y2", 115], ["call", "fred"], ["add", "a8", ["get", "x2"]], -1, ["set", "x2", ["get", "K"]], ["set", "y2", 51], ["call", "fred"], ["add", "a8", ["get", "x2"]], -1, ["set", "x2", ["get", "L"]], ["set", "y2", 102], ["call", "fred"], ["add", "a8", ["get", "x2"]], -1, ["set", "x2", ["get", "M"]], ["set", "y2", 105], ["call", "fred"], ["add", "a8", ["get", "x2"]], -1, ["set", "x2", ["get", "N"]], ["set", "y2", 102], ["call", "fred"], ["add", "a8", ["get", "x2"]], -1, ["set", "x2", ["get", "O"]], ["set", "y2", 167], ["call", "fred"], ["add", "a8", ["get", "x2"]], -1, ["set", "x2", ["get", "P"]], ["set", "y2", 137], ["call", "fred"], ["add", "a8", ["get", "x2"]]], [["_", 672], ["set", "s", ""], -1, ["set", "x2", ["get", "A"]], ["set", "y2", 42], ["call", "fred"], ["set", "s", ["format", ["get", "s"], ["chr", "x2"]]], -1, ["set", "x2", ["get", "B"]], ["set", "y2", 18], ["call", "fred"], ["set", "s", ["format", ["get", "s"], ["chr", "x2"]]], -1, ["set", "x2", ["get", "C"]], ["set", "y2", 99], ["call", "fred"], ["set", "s", ["format", ["get", "s"], ["chr", "x2"]]], -1, ["set", "x2", ["get", "D"]], ["set", "y2", 47], ["call", "fred"], ["set", "s", ["format", ["get", "s"], ["chr", "x2"]]], -1, ["set", "x2", ["get", "E"]], ["set", "y2", 178], ["call", "fred"], ["set", "s", ["format", ["get", "s"], ["chr", "x2"]]], -1, ["set", "x2", ["get", "F"]], ["set", "y2", 170], ["call", "fred"], ["set", "s", ["format", ["get", "s"], ["chr", "x2"]]], -1, ["set", "x2", ["get", "G"]], ["set", "y2", 203], ["call", "fred"], ["set", "s", ["format", ["get", "s"], ["chr", "x2"]]], -1, ["set", "x2", ["get", "H"]], ["set", "y2", 13], ["call", "fred"], ["set", "s", ["format", ["get", "s"], ["chr", "x2"]]], -1, ["set", "x2", ["get", "I"]], ["set", "y2", 122], ["call", "fred"], ["set", "s", ["format", ["get", "s"], ["chr", "x2"]]], -1, ["set", "x2", ["get", "J"]], ["set", "y2", 145], ["call", "fred"], ["set", "s", ["format", ["get", "s"], ["chr", "x2"]]], -1, ["set", "x2", ["get", "K"]], ["set", "y2", 20], ["call", "fred"], ["set", "s", ["format", ["get", "s"], ["chr", "x2"]]], -1, ["set", "x2", ["get", "L"]], ["set", "y2", 65], ["call", "fred"], ["set", "s", ["format", ["get", "s"], ["chr", "x2"]]], -1, ["set", "x2", ["get", "M"]], ["set", "y2", 16], ["call", "fred"], ["set", "s", ["format", ["get", "s"], ["chr", "x2"]]], -1, ["set", "x2", ["get", "N"]], ["set", "y2", 55], ["call", "fred"], ["set", "s", ["format", ["get", "s"], ["chr", "x2"]]], -1, ["set", "x2", ["get", "O"]], ["set", "y2", 180], ["call", "fred"], ["set", "s", ["format", ["get", "s"], ["chr", "x2"]]], -1, ["set", "x2", ["get", "P"]], ["set", "y2", 143], ["call", "fred"], ["set", "s", ["format", ["get", "s"], ["chr", "x2"]]], -1, ["set", "x2", ["get", "A"]], ["set", "y2", 73], ["call", "fred"], ["set", "s", ["format", ["get", "s"], ["chr", "x2"]]], -1, ["set", "x2", ["get", "B"]], ["set", "y2", 51], ["call", "fred"], ["set", "s", ["format", ["get", "s"], ["chr", "x2"]]], -1, ["set", "x2", ["get", "C"]], ["set", "y2", 91], ["call", "fred"], ["set", "s", ["format", ["get", "s"], ["chr", "x2"]]], -1, ["set", "x2", ["get", "D"]], ["set", "y2", 88], ["call", "fred"], ["set", "s", ["format", ["get", "s"], ["chr", "x2"]]], -1, ["set", "x2", ["get", "E"]], ["set", "y2", 167], ["call", "fred"], ["set", "s", ["format", ["get", "s"], ["chr", "x2"]]], -1, ["set", "x2", ["get", "F"]], ["set", "y2", 164], ["call", "fred"], ["set", "s", ["format", ["get", "s"], ["chr", "x2"]]], -1, ["set", "x2", ["get", "G"]], ["set", "y2", 212], ["call", "fred"], ["set", "s", ["format", ["get", "s"], ["chr", "x2"]]], -1, ["set", "x2", ["get", "H"]], ["set", "y2", 73], ["call", "fred"], ["set", "s", ["format", ["get", "s"], ["chr", "x2"]]], -1, ["set", "x2", ["get", "I"]], ["set", "y2", 124], ["call", "fred"], ["set", "s", ["format", ["get", "s"], ["chr", "x2"]]], -1, ["set", "x2", ["get", "J"]], ["set", "y2", 190], ["call", "fred"], ["set", "s", ["format", ["get", "s"], ["chr", "x2"]]], -1, ["set", "x2", ["get", "K"]], ["set", "y2", 17], ["call", "fred"], ["set", "s", ["format", ["get", "s"], ["chr", "x2"]]], -1, ["set", "x2", ["get", "L"]], ["set", "y2", 112], ["call", "fred"], ["set", "s", ["format", ["get", "s"], ["chr", "x2"]]], -1, ["set", "x2", ["get", "M"]], ["set", "y2", 89], ["call", "fred"], ["set", "s", ["format", ["get", "s"], ["chr", "x2"]]], -1, ["set", "x2", ["get", "N"]], ["set", "y2", 57], ["call", "fred"], ["set", "s", ["format", ["get", "s"], ["chr", "x2"]]], -1, ["set", "x2", ["get", "O"]], ["set", "y2", 216], ["call", "fred"], ["set", "s", ["format", ["get", "s"], ["chr", "x2"]]], -1, ["set", "x2", ["get", "P"]], ["set", "y2", 203], ["call", "fred"], ["set", "s", ["format", ["get", "s"], ["chr", "x2"]]], -1, ["set", "x2", ["get", "A"]], ["set", "y2", 38], ["call", "fred"], ["set", "s", ["format", ["get", "s"], ["chr", "x2"]]], -1, ["set", "x2", ["get", "B"]], ["set", "y2", 102], ["call", "fred"], ["set", "s", ["format", ["get", "s"], ["chr", "x2"]]], -1, ["set", "x2", ["get", "C"]], ["set", "y2", 95], ["call", "fred"], ["set", "s", ["format", ["get", "s"], ["chr", "x2"]]], -1, ["set", "x2", ["get", "D"]], ["set", "y2", 90], ["call", "fred"], ["set", "s", ["format", ["get", "s"], ["chr", "x2"]]], -1, ["set", "x2", ["get", "E"]], ["set", "y2", 150], ["call", "fred"], ["set", "s", ["format", ["get", "s"], ["chr", "x2"]]], -1, ["set", "x2", ["get", "F"]], ["set", "y2", 151], ["call", "fred"], ["set", "s", ["format", ["get", "s"], ["chr", "x2"]]], -1, ["set", "x2", ["get", "G"]], ["set", "y2", 138], ["call", "fred"], ["set", "s", ["format", ["get", "s"], ["chr", "x2"]]], -1, ["set", "x2", ["get", "H"]], ["set", "y2", 70], ["call", "fred"], ["set", "s", ["format", ["get", "s"], ["chr", "x2"]]], -1, ["set", "x2", ["get", "I"]], ["set", "y2", 104], ["call", "fred"], ["set", "s", ["format", ["get", "s"], ["chr", "x2"]]], -1, ["set", "x2", ["get", "J"]], ["set", "y2", 145], ["call", "fred"], ["set", "s", ["format", ["get", "s"], ["chr", "x2"]]], -1, ["set", "x2", ["get", "K"]], ["set", "y2", 96], ["call", "fred"], ["set", "s", ["format", ["get", "s"], ["chr", "x2"]]], -1, ["set", "x2", ["get", "L"]], ["set", "y2", 88], ["call", "fred"], ["set", "s", ["format", ["get", "s"], ["chr", "x2"]]], -1, ["set", "x2", ["get", "M"]], ["set", "y2", 93], ["call", "fred"], ["set", "s", ["format", ["get", "s"], ["chr", "x2"]]], -1, ["set", "x2", ["get", "N"]], ["set", "y2", 61], ["call", "fred"], ["set", "s", ["format", ["get", "s"], ["chr", "x2"]]], -1, ["set", "x2", ["get", "O"]], ["set", "y2", 141], ["call", "fred"], ["set", "s", ["format", ["get", "s"], ["chr", "x2"]]], -1, ["set", "x2", ["get", "P"]], ["set", "y2", 196], ["call", "fred"], ["set", "s", ["format", ["get", "s"], ["chr", "x2"]]]]], "__comments": [], "__srcOrder": ["enter", "qux", "fred", "ork", "thud", "plugh", "corge", "abc", "boo", "foo", "bar", "baz"]}, "type": 1}, {"id": 38, "data": {"__blocks": [[["_", 1], ["tell", ["get", "event.room"], ["block", 1]]], [["_", 2], ["set", "a", ["get", "A"]], ["set", "b", ["get", "B"]], ["set", "c", ["get", "C"]], ["set", "d", ["get", "D"]], ["set", "e", ["get", "E"]], ["set", "f", ["get", "F"]], ["set", "g", ["get", "G"]], ["set", "h", ["get", "H"]], ["set", "i", ["get", "I"]], ["set", "j", ["get", "J"]], ["set", "k", ["get", "K"]], ["set", "l", ["get", "L"]], ["set", "m", ["get", "M"]], ["set", "n", ["get", "N"]], ["set", "o", ["get", "O"]], ["set", "p", ["get", "P"]], -1, ["call", "foo"], ["call", "bar"], -1, ["set", "A", ["get", "a"]], ["set", "B", ["get", "b"]], ["set", "C", ["get", "c"]], ["set", "D", ["get", "d"]], ["set", "E", ["get", "e"]], ["set", "F", ["get", "f"]], ["set", "G", ["get", "g"]], ["set", "H", ["get", "h"]], ["set", "I", ["get", "i"]], ["set", "J", ["get", "j"]], ["set", "K", ["get", "k"]], ["set", "L", ["get", "l"]], ["set", "M", ["get", "m"]], ["set", "N", ["get", "n"]], ["set", "O", ["get", "o"]], ["set", "P", ["get", "p"]], -1, ["log", ["format", ["get", "A"], "-", ["get", "B"], "-", ["get", "C"], "-", ["get", "D"], "-", ["get", "E"], "-", ["get", "F"], "-", ["get", "G"], "-", ["get", "H"], "-", ["get", "I"], "-", ["get", "J"], "-", ["get", "K"], "-", ["get", "L"], "-", ["get", "M"], "-", ["get", "N"], "-", ["get", "O"], "-", ["get", "P"]]], -1, ["if", ["eq", "a8", 0], ["block", 2], ["else", ["block", 3]]]], [["_", 42], ["call", "baz"], ["log", ["format", ["get", "s"]]], ["fin", ["format", ["get", "s"]]]], [["_", 46], ["log", "Nope"], ["say", "The Magic Scroll: Only The Reverse Skill Proven can read The Magic Scroll.\nRestore The Magic Orbs"]]], "interact": ["block", 0], "__comments": [], "__srcOrder": ["interact"]}, "type": 2}], "version": 1, "background": 0, "buildNumber": "163", "versionString": "1.3"}